filename,label
01__exit_phone_room.mp4,0.8506594896316528
01__hugging_happy.mp4,0.32989931106567383
01__kitchen_pan.mp4,0.6487069129943848
01__kitchen_still.mp4,0.37817996740341187
